andrzejb;Aug. 31, 2024, 10:34 a.m.
krzysztofk;Aug. 22, 2025, 9:30 a.m.
magdalenaj;Aug. 22, 2025, 9:40 a.m.
robertb;Aug. 22, 2025, 9:50 a.m.
wojciechi;Aug. 22, 2025, 10:13 a.m.
martat;Aug. 25, 2025, 10:06 a.m.
adamg;Aug. 25, 2025, 10:10 a.m.
piotrr;Aug. 30, 2024, 3:16 p.m.
agnieszkaw;Sept. 1, 2025, 8:21 a.m.
mateuszs;Sept. 6, 2024, 10:11 a.m.
jakubd;Sept. 7, 2024, 2:24 p.m.
tymoteuszs;Sept. 15, 2025, 8:33 a.m.
miloszd;Sept. 16, 2025, 12:33 p.m.
agatak;Sept. 19, 2025, 2:18 p.m.
ewal;Sept. 22, 2025, 8:24 a.m.
marcinw;Oct. 23, 2025, 2:44 p.m.
januszk;Nov. 1, 2023, 3:44 p.m.
pawels;Nov. 10, 2025, 1:04 p.m.
robertb;Nov. 10, 2025, 1:06 p.m.
bartlomiejk;Nov. 19, 2025, 1:09 p.m.
lukaszw;Dec. 13, 2025, 11:59 a.m.
wojciechw;Dec. 13, 2025, 2:08 p.m.
